<?xml version='1.0' encoding='utf-8'?>
<project xmlns="http://www.plcopen.org/xml/tc6_0201" xmlns:xsd="http://www.w3.org/2001/XMLSchema" xmlns:xhtml="http://www.w3.org/1999/xhtml" xmlns:ns1="http://www.plcopen.org/xml/tc6_0201">
  <fileHeader companyName="Unknown" productName="Unnamed" productVersion="1" creationDateTime="2024-01-25T15:11:11"/>
  <contentHeader name="Unnamed" modificationDateTime="2024-03-17T14:34:32">
    <coordinateInfo>
      <fbd>
        <scaling x="10" y="10"/>
      </fbd>
      <ld>
        <scaling x="10" y="10"/>
      </ld>
      <sfc>
        <scaling x="10" y="10"/>
      </sfc>
    </coordinateInfo>
  </contentHeader>
  <types>
    <dataTypes/>
    <pous>
      <pou name="My_First_Program" pouType="program">
        <interface>
          <localVars>
            <variable name="IN" address="%IX100.0">
              <type>
                <BOOL/>
              </type>
            </variable>
            <variable name="OUT" address="%QX100.0">
              <type>
                <BOOL/>
              </type>
            </variable>
            <variable name="WL" address="%IW100">
              <type>
                <WORD/>
              </type>
            </variable>
            <variable name="FV" address="%QW100">
              <type>
                <WORD/>
              </type>
            </variable>
            <variable name="DV" address="%QW101">
              <type>
                <WORD/>
              </type>
            </variable>
          </localVars>
          <localVars>
            <variable name="SR0">
              <type>
                <derived name="SR"/>
              </type>
            </variable>
            <variable name="SR1">
              <type>
                <derived name="SR"/>
              </type>
            </variable>
          </localVars>
        </interface>
        <body>
          <LD>
            <leftPowerRail localId="1" width="10" height="40">
              <position x="50" y="20"/>
              <connectionPointOut formalParameter="">
                <relPosition x="10" y="20"/>
              </connectionPointOut>
            </leftPowerRail>
            <contact localId="2" negated="false" width="21" height="20">
              <position x="120" y="30"/>
              <connectionPointIn>
                <relPosition x="0" y="10"/>
                <connection refLocalId="1">
                  <position x="120" y="40"/>
                  <position x="60" y="40"/>
                </connection>
              </connectionPointIn>
              <connectionPointOut>
                <relPosition x="21" y="10"/>
              </connectionPointOut>
              <variable>IN</variable>
            </contact>
            <coil localId="3" negated="false" width="21" height="20">
              <position x="460" y="30"/>
              <connectionPointIn>
                <relPosition x="0" y="10"/>
                <connection refLocalId="2">
                  <position x="460" y="40"/>
                  <position x="141" y="40"/>
                </connection>
              </connectionPointIn>
              <connectionPointOut>
                <relPosition x="21" y="10"/>
              </connectionPointOut>
              <variable>OUT</variable>
            </coil>
            <rightPowerRail localId="4" width="10" height="40">
              <position x="570" y="20"/>
              <connectionPointIn>
                <relPosition x="0" y="20"/>
                <connection refLocalId="3">
                  <position x="570" y="40"/>
                  <position x="480" y="40"/>
                </connection>
              </connectionPointIn>
            </rightPowerRail>
            <inVariable localId="5" width="30" height="30" negated="false">
              <position x="40" y="90"/>
              <connectionPointOut>
                <relPosition x="30" y="20"/>
              </connectionPointOut>
              <expression>WL</expression>
            </inVariable>
            <outVariable localId="6" width="30" height="30" negated="false">
              <position x="580" y="100"/>
              <connectionPointIn>
                <relPosition x="0" y="10"/>
                <connection refLocalId="14" formalParameter="OUT">
                  <position x="580" y="110"/>
                  <position x="500" y="110"/>
                </connection>
              </connectionPointIn>
              <expression>DV</expression>
            </outVariable>
            <outVariable localId="7" width="30" height="30" negated="false">
              <position x="560" y="210"/>
              <connectionPointIn>
                <relPosition x="0" y="20"/>
                <connection refLocalId="17" formalParameter="OUT">
                  <position x="560" y="230"/>
                  <position x="500" y="230"/>
                </connection>
              </connectionPointIn>
              <expression>FV</expression>
            </outVariable>
            <inVariable localId="8" width="40" height="30" negated="false">
              <position x="40" y="140"/>
              <connectionPointOut>
                <relPosition x="40" y="20"/>
              </connectionPointOut>
              <expression>800</expression>
            </inVariable>
            <block localId="9" typeName="GT" width="70" height="60">
              <position x="130" y="80"/>
              <inputVariables>
                <variable formalParameter="IN1">
                  <connectionPointIn>
                    <relPosition x="0" y="30"/>
                    <connection refLocalId="5">
                      <position x="130" y="110"/>
                      <position x="70" y="110"/>
                    </connection>
                  </connectionPointIn>
                </variable>
                <variable formalParameter="IN2">
                  <connectionPointIn>
                    <relPosition x="0" y="50"/>
                    <connection refLocalId="8">
                      <position x="130" y="130"/>
                      <position x="120" y="130"/>
                      <position x="120" y="160"/>
                      <position x="80" y="160"/>
                    </connection>
                  </connectionPointIn>
                </variable>
              </inputVariables>
              <inOutVariables/>
              <outputVariables>
                <variable formalParameter="OUT">
                  <connectionPointOut>
                    <relPosition x="70" y="30"/>
                  </connectionPointOut>
                </variable>
              </outputVariables>
            </block>
            <block localId="10" typeName="LT" width="70" height="60">
              <position x="130" y="200"/>
              <inputVariables>
                <variable formalParameter="IN1">
                  <connectionPointIn>
                    <relPosition x="0" y="30"/>
                    <connection refLocalId="5">
                      <position x="130" y="230"/>
                      <position x="100" y="230"/>
                      <position x="100" y="110"/>
                      <position x="70" y="110"/>
                    </connection>
                  </connectionPointIn>
                </variable>
                <variable formalParameter="IN2">
                  <connectionPointIn>
                    <relPosition x="0" y="50"/>
                    <connection refLocalId="11">
                      <position x="130" y="250"/>
                      <position x="80" y="250"/>
                    </connection>
                  </connectionPointIn>
                </variable>
              </inputVariables>
              <inOutVariables/>
              <outputVariables>
                <variable formalParameter="OUT">
                  <connectionPointOut>
                    <relPosition x="70" y="30"/>
                  </connectionPointOut>
                </variable>
              </outputVariables>
            </block>
            <inVariable localId="11" width="40" height="30" negated="false">
              <position x="40" y="230"/>
              <connectionPointOut>
                <relPosition x="40" y="20"/>
              </connectionPointOut>
              <expression>100</expression>
            </inVariable>
            <block localId="12" typeName="SR" instanceName="SR0" width="50" height="60">
              <position x="270" y="80"/>
              <inputVariables>
                <variable formalParameter="S1">
                  <connectionPointIn>
                    <relPosition x="0" y="30"/>
                    <connection refLocalId="9" formalParameter="OUT">
                      <position x="270" y="110"/>
                      <position x="200" y="110"/>
                    </connection>
                  </connectionPointIn>
                </variable>
                <variable formalParameter="R">
                  <connectionPointIn>
                    <relPosition x="0" y="50"/>
                    <connection refLocalId="10" formalParameter="OUT">
                      <position x="270" y="130"/>
                      <position x="240" y="130"/>
                      <position x="240" y="230"/>
                      <position x="200" y="230"/>
                    </connection>
                  </connectionPointIn>
                </variable>
              </inputVariables>
              <inOutVariables/>
              <outputVariables>
                <variable formalParameter="Q1">
                  <connectionPointOut>
                    <relPosition x="50" y="30"/>
                  </connectionPointOut>
                </variable>
              </outputVariables>
            </block>
            <block localId="13" typeName="SR" instanceName="SR1" width="50" height="60">
              <position x="270" y="200"/>
              <inputVariables>
                <variable formalParameter="S1">
                  <connectionPointIn>
                    <relPosition x="0" y="30"/>
                    <connection refLocalId="10" formalParameter="OUT">
                      <position x="270" y="230"/>
                      <position x="200" y="230"/>
                    </connection>
                  </connectionPointIn>
                </variable>
                <variable formalParameter="R">
                  <connectionPointIn>
                    <relPosition x="0" y="50"/>
                    <connection refLocalId="9" formalParameter="OUT">
                      <position x="270" y="250"/>
                      <position x="220" y="250"/>
                      <position x="220" y="110"/>
                      <position x="200" y="110"/>
                    </connection>
                  </connectionPointIn>
                </variable>
              </inputVariables>
              <inOutVariables/>
              <outputVariables>
                <variable formalParameter="Q1">
                  <connectionPointOut>
                    <relPosition x="50" y="30"/>
                  </connectionPointOut>
                </variable>
              </outputVariables>
            </block>
            <block localId="14" typeName="SEL" width="70" height="80">
              <position x="430" y="80"/>
              <inputVariables>
                <variable formalParameter="G">
                  <connectionPointIn>
                    <relPosition x="0" y="30"/>
                    <connection refLocalId="12" formalParameter="Q1">
                      <position x="430" y="110"/>
                      <position x="320" y="110"/>
                    </connection>
                  </connectionPointIn>
                </variable>
                <variable formalParameter="IN0">
                  <connectionPointIn>
                    <relPosition x="0" y="50"/>
                    <connection refLocalId="15">
                      <position x="430" y="130"/>
                      <position x="405" y="130"/>
                      <position x="405" y="140"/>
                      <position x="370" y="140"/>
                    </connection>
                  </connectionPointIn>
                </variable>
                <variable formalParameter="IN1">
                  <connectionPointIn>
                    <relPosition x="0" y="70"/>
                    <connection refLocalId="16">
                      <position x="430" y="150"/>
                      <position x="405" y="150"/>
                      <position x="405" y="200"/>
                      <position x="370" y="200"/>
                    </connection>
                  </connectionPointIn>
                </variable>
              </inputVariables>
              <inOutVariables/>
              <outputVariables>
                <variable formalParameter="OUT">
                  <connectionPointOut>
                    <relPosition x="70" y="30"/>
                  </connectionPointOut>
                </variable>
              </outputVariables>
            </block>
            <inVariable localId="15" width="40" height="30" negated="false" executionOrderId="0">
              <position x="330" y="130"/>
              <connectionPointOut>
                <relPosition x="40" y="10"/>
              </connectionPointOut>
              <expression>0</expression>
            </inVariable>
            <inVariable localId="16" width="40" height="30" negated="false" executionOrderId="0">
              <position x="330" y="180"/>
              <connectionPointOut>
                <relPosition x="40" y="20"/>
              </connectionPointOut>
              <expression>500</expression>
            </inVariable>
            <block localId="17" typeName="SEL" width="70" height="80" executionOrderId="0">
              <position x="430" y="200"/>
              <inputVariables>
                <variable formalParameter="G">
                  <connectionPointIn>
                    <relPosition x="0" y="30"/>
                    <connection refLocalId="13" formalParameter="Q1">
                      <position x="430" y="230"/>
                      <position x="320" y="230"/>
                    </connection>
                  </connectionPointIn>
                </variable>
                <variable formalParameter="IN0">
                  <connectionPointIn>
                    <relPosition x="0" y="50"/>
                    <connection refLocalId="15">
                      <position x="430" y="250"/>
                      <position x="380" y="250"/>
                      <position x="380" y="140"/>
                      <position x="370" y="140"/>
                    </connection>
                  </connectionPointIn>
                </variable>
                <variable formalParameter="IN1">
                  <connectionPointIn>
                    <relPosition x="0" y="70"/>
                    <connection refLocalId="16">
                      <position x="430" y="270"/>
                      <position x="405" y="270"/>
                      <position x="405" y="200"/>
                      <position x="370" y="200"/>
                    </connection>
                  </connectionPointIn>
                </variable>
              </inputVariables>
              <inOutVariables/>
              <outputVariables>
                <variable formalParameter="OUT">
                  <connectionPointOut>
                    <relPosition x="70" y="30"/>
                  </connectionPointOut>
                </variable>
              </outputVariables>
            </block>
          </LD>
        </body>
      </pou>
    </pous>
  </types>
  <instances>
    <configurations>
      <configuration name="Config0">
        <resource name="Res0">
          <task name="task0" priority="0" interval="T#20ms">
            <pouInstance name="instance0" typeName="My_First_Program"/>
          </task>
        </resource>
      </configuration>
    </configurations>
  </instances>
</project>
